"type","Market_Title","Market_Id","Original_Date","Price_In_Cents","Amount_In_Dollars","Fee_In_Dollars","Traded_Time","Direction"
"Trade","Will the high temp in Chicago be 50-51° on Mar 29 2024?","494c92da-b406-4068-bd93-b692a9a56c30","Mar 29, 2024","99","8","0.00","Mar 29, 2024 at 7:46PM EDT","No"
"Trade","Will the high temp in Chicago be 52-53° on Mar 29 2024?","262de5e1-98ee-4ba2-8e61-3254012d6d67","Mar 29, 2024","99","7","0.00","Mar 29, 2024 at 6:20PM EDT","No"
"Trade","Will the **high temp in Austin** be 78-79° on Mar 29 2024?","ff76597e-a6cc-40c6-961a-3c4ace2f1736","Mar 29, 2024","99","40","0.00","Mar 29, 2024 at 6:17PM EDT","No"
"Trade","Will the **high temp in Austin** be 78-79° on Mar 29 2024?","ff76597e-a6cc-40c6-961a-3c4ace2f1736","Mar 29, 2024","99","7","0.00","Mar 29, 2024 at 6:17PM EDT","No"
"Trade","Will the **high temp in Austin** be 78-79° on Mar 29 2024?","ff76597e-a6cc-40c6-961a-3c4ace2f1736","Mar 29, 2024","99","40","0.00","Mar 29, 2024 at 6:17PM EDT","No"
"Trade","Will the **high temp in Austin** be 78-79° on Mar 29 2024?","ff76597e-a6cc-40c6-961a-3c4ace2f1736","Mar 29, 2024","99","40","0.00","Mar 29, 2024 at 6:17PM EDT","No"
"Trade","Will the **high temp in Miami** be <73° on Mar 29 2024?","0570f38a-3aff-49fb-9e11-4beee7e767f8","Mar 29, 2024","99","1","0.00","Mar 29, 2024 at 4:51PM EDT","No"
"Trade","Will the high temp in Chicago be 52-53° on Mar 29 2024?","262de5e1-98ee-4ba2-8e61-3254012d6d67","Mar 29, 2024","99","10","0.00","Mar 29, 2024 at 4:49PM EDT","No"
"Trade","Will the **high temp in NYC** be 53-54° on Mar 29 2024?","d0a01e7f-6b60-44dd-b2cf-1ba4de673b21","Mar 29, 2024","99","10","0.00","Mar 29, 2024 at 4:49PM EDT","No"
"Trade","Will the **high temp in Miami** be <73° on Mar 29 2024?","0570f38a-3aff-49fb-9e11-4beee7e767f8","Mar 29, 2024","99","9","0.00","Mar 29, 2024 at 4:41PM EDT","No"
"Trade","Will the high temp in Chicago be 52-53° on Mar 29 2024?","262de5e1-98ee-4ba2-8e61-3254012d6d67","Mar 29, 2024","99","10","0.00","Mar 29, 2024 at 4:41PM EDT","No"
"Trade","Will the **high temp in NYC** be 51-52° on Mar 29 2024?","730e330e-4d5a-4b79-b704-fc3a28208406","Mar 29, 2024","99","10","0.00","Mar 29, 2024 at 4:41PM EDT","No"
"Trade","Will the **high temp in Austin** be 78-79° on Mar 29 2024?","ff76597e-a6cc-40c6-961a-3c4ace2f1736","Mar 29, 2024","99","10","0.00","Mar 29, 2024 at 4:04PM EDT","No"
"Trade","Will the high temp in Chicago be 50-51° on Mar 29 2024?","494c92da-b406-4068-bd93-b692a9a56c30","Mar 29, 2024","99","10","0.00","Mar 29, 2024 at 3:19PM EDT","No"
"Trade","Will the **high temp in NYC** be 53-54° on Mar 29 2024?","d0a01e7f-6b60-44dd-b2cf-1ba4de673b21","Mar 29, 2024","99","1","0.00","Mar 29, 2024 at 2:46PM EDT","No"
"Trade","Will the **high temp in Austin** be 76-77° on Mar 29 2024?","962f9c27-dc98-489a-8587-399f56674099","Mar 29, 2024","99","18","0.00","Mar 29, 2024 at 2:39PM EDT","No"
"Trade","Will the **high temp in Austin** be 76-77° on Mar 29 2024?","962f9c27-dc98-489a-8587-399f56674099","Mar 29, 2024","99","40","0.00","Mar 29, 2024 at 2:39PM EDT","No"
"Trade","Will the **high temp in NYC** be 55-56° on Mar 29 2024?","d3ef93b8-780f-45df-8a1f-60c6515f3d95","Mar 29, 2024","99","18","0.00","Mar 29, 2024 at 2:39PM EDT","No"
"Trade","Will the **high temp in NYC** be 55-56° on Mar 29 2024?","d3ef93b8-780f-45df-8a1f-60c6515f3d95","Mar 29, 2024","99","40","0.00","Mar 29, 2024 at 2:39PM EDT","No"
"Trade","Will the **high temp in Miami** be 77-78° on Mar 29 2024?","154749a8-9f48-4d30-97df-5ea1dedaabeb","Mar 29, 2024","99","17","0.00","Mar 29, 2024 at 12:45PM EDT","No"
"Trade","Will the **high temp in NYC** be 55-56° on Mar 29 2024?","d3ef93b8-780f-45df-8a1f-60c6515f3d95","Mar 29, 2024","99","10","0.00","Mar 29, 2024 at 11:27AM EDT","No"
"Trade","Will the high temp in Chicago be 48-49° on Mar 29 2024?","7cc296f3-48c2-40a2-9b7a-733d454673dc","Mar 29, 2024","99","27","0.00","Mar 29, 2024 at 11:00AM EDT","No"
"Trade","Will the **high temp in NYC** be 51-52° on Mar 29 2024?","730e330e-4d5a-4b79-b704-fc3a28208406","Mar 29, 2024","99","1","0.00","Mar 29, 2024 at 10:43AM EDT","No"
"Trade","Will the **high temp in NYC** be 53-54° on Mar 29 2024?","d0a01e7f-6b60-44dd-b2cf-1ba4de673b21","Mar 29, 2024","99","1","0.00","Mar 29, 2024 at 10:43AM EDT","No"
"Trade","Will the **high temp in NYC** be 55-56° on Mar 29 2024?","d3ef93b8-780f-45df-8a1f-60c6515f3d95","Mar 29, 2024","99","1","0.00","Mar 29, 2024 at 10:43AM EDT","No"
"Trade","Will the **high temp in NYC** be 57-58° on Mar 29 2024?","6357f0a3-4a79-4b1c-b30f-3419e1769be0","Mar 29, 2024","99","1","0.00","Mar 29, 2024 at 10:43AM EDT","No"
"Trade","Will the high temp in Chicago be 48-49° on Mar 29 2024?","7cc296f3-48c2-40a2-9b7a-733d454673dc","Mar 29, 2024","99","1","0.00","Mar 29, 2024 at 10:43AM EDT","No"
"Trade","Will the high temp in Chicago be 50-51° on Mar 29 2024?","494c92da-b406-4068-bd93-b692a9a56c30","Mar 29, 2024","99","1","0.00","Mar 29, 2024 at 10:43AM EDT","No"
"Trade","Will the high temp in Chicago be 52-53° on Mar 29 2024?","262de5e1-98ee-4ba2-8e61-3254012d6d67","Mar 29, 2024","99","1","0.00","Mar 29, 2024 at 10:43AM EDT","No"
"Trade","Will the high temp in Chicago be >55° on Mar 29 2024?","bf1b868e-beb4-441f-b8f8-309d2aac84a7","Mar 29, 2024","99","1","0.00","Mar 29, 2024 at 10:42AM EDT","No"
"Trade","Will the **high temp in Austin** be 78-79° on Mar 29 2024?","ff76597e-a6cc-40c6-961a-3c4ace2f1736","Mar 29, 2024","99","1","0.00","Mar 29, 2024 at 10:42AM EDT","No"
"Trade","Will the **high temp in Miami** be 73-74° on Mar 29 2024?","424c5764-c275-4706-9097-1a565f7e8b53","Mar 29, 2024","99","1","0.00","Mar 29, 2024 at 10:42AM EDT","No"
"Trade","Will the **high temp in Miami** be 75-76° on Mar 29 2024?","8adc56bf-9286-4775-b14b-5a410f185987","Mar 29, 2024","99","1","0.00","Mar 29, 2024 at 10:42AM EDT","No"
"Trade","Will the **high temp in Miami** be 77-78° on Mar 29 2024?","154749a8-9f48-4d30-97df-5ea1dedaabeb","Mar 29, 2024","99","1","0.00","Mar 29, 2024 at 10:42AM EDT","No"
"Trade","Will the **high temp in Miami** be >80° on Mar 29 2024?","f760bb53-3c6e-494c-87a8-9bdd2d699800","Mar 29, 2024","50","10","0.18","Mar 29, 2024 at 10:42AM EDT","No"
"Trade","Will the **high temp in Miami** be >80° on Mar 29 2024?","f760bb53-3c6e-494c-87a8-9bdd2d699800","Mar 29, 2024","50","19","0.34","Mar 29, 2024 at 10:42AM EDT","No"
"Trade","Will the **high temp in Miami** be >80° on Mar 29 2024?","f760bb53-3c6e-494c-87a8-9bdd2d699800","Mar 29, 2024","50","10","0.18","Mar 29, 2024 at 10:42AM EDT","No"
"Trade","Will the **high temp in Miami** be >80° on Mar 29 2024?","f760bb53-3c6e-494c-87a8-9bdd2d699800","Mar 29, 2024","1","1","0.01","Mar 29, 2024 at 10:42AM EDT","No"
"Trade","Will the **high temp in Miami** be 79-80° on Mar 29 2024?","4894bd04-33ea-4fff-96ea-dd116787a43d","Mar 29, 2024","50","20","0.35","Mar 29, 2024 at 10:42AM EDT","No"
"Trade","Will the **high temp in Miami** be 79-80° on Mar 29 2024?","4894bd04-33ea-4fff-96ea-dd116787a43d","Mar 29, 2024","50","9","0.16","Mar 29, 2024 at 10:42AM EDT","No"
"Trade","Will the **high temp in Miami** be 79-80° on Mar 29 2024?","4894bd04-33ea-4fff-96ea-dd116787a43d","Mar 29, 2024","50","20","0.35","Mar 29, 2024 at 10:42AM EDT","No"
"Trade","Will the **high temp in Miami** be 79-80° on Mar 29 2024?","4894bd04-33ea-4fff-96ea-dd116787a43d","Mar 29, 2024","50","10","0.18","Mar 29, 2024 at 10:42AM EDT","No"
"Trade","Will the **high temp in Miami** be 77-78° on Mar 29 2024?","154749a8-9f48-4d30-97df-5ea1dedaabeb","Mar 29, 2024","1","1","0.01","Mar 29, 2024 at 10:42AM EDT","No"
"Trade","Will the **high temp in Miami** be 77-78° on Mar 29 2024?","154749a8-9f48-4d30-97df-5ea1dedaabeb","Mar 29, 2024","50","20","0.35","Mar 29, 2024 at 10:42AM EDT","No"
"Trade","Will the **high temp in Miami** be 77-78° on Mar 29 2024?","154749a8-9f48-4d30-97df-5ea1dedaabeb","Mar 29, 2024","1","1","0.01","Mar 29, 2024 at 10:42AM EDT","No"
"Trade","Will the **high temp in Miami** be 75-76° on Mar 29 2024?","8adc56bf-9286-4775-b14b-5a410f185987","Mar 29, 2024","1","1","0.01","Mar 29, 2024 at 10:42AM EDT","No"
"Trade","Will the **high temp in Miami** be 73-74° on Mar 29 2024?","424c5764-c275-4706-9097-1a565f7e8b53","Mar 29, 2024","1","1","0.01","Mar 29, 2024 at 10:42AM EDT","No"
"Trade","Will the high temp in Chicago be >55° on Mar 29 2024?","bf1b868e-beb4-441f-b8f8-309d2aac84a7","Mar 29, 2024","1","1","0.01","Mar 29, 2024 at 10:42AM EDT","No"
"Trade","Will the high temp in Chicago be 54-55° on Mar 29 2024?","6603f717-1ac2-4b7b-95f9-b1fc4f490852","Mar 29, 2024","1","1","0.01","Mar 29, 2024 at 10:42AM EDT","No"
"Trade","Will the high temp in Chicago be 54-55° on Mar 29 2024?","6603f717-1ac2-4b7b-95f9-b1fc4f490852","Mar 29, 2024","50","39","0.69","Mar 29, 2024 at 10:42AM EDT","No"
"Trade","Will the high temp in Chicago be 52-53° on Mar 29 2024?","262de5e1-98ee-4ba2-8e61-3254012d6d67","Mar 29, 2024","1","1","0.01","Mar 29, 2024 at 10:42AM EDT","No"
"Trade","Will the high temp in Chicago be 52-53° on Mar 29 2024?","262de5e1-98ee-4ba2-8e61-3254012d6d67","Mar 29, 2024","1","1","0.01","Mar 29, 2024 at 10:42AM EDT","No"
"Trade","Will the high temp in Chicago be 52-53° on Mar 29 2024?","262de5e1-98ee-4ba2-8e61-3254012d6d67","Mar 29, 2024","50","10","0.18","Mar 29, 2024 at 10:42AM EDT","No"
"Trade","Will the high temp in Chicago be 50-51° on Mar 29 2024?","494c92da-b406-4068-bd93-b692a9a56c30","Mar 29, 2024","50","20","0.35","Mar 29, 2024 at 10:42AM EDT","No"
"Trade","Will the high temp in Chicago be 50-51° on Mar 29 2024?","494c92da-b406-4068-bd93-b692a9a56c30","Mar 29, 2024","1","1","0.01","Mar 29, 2024 at 10:42AM EDT","No"
"Trade","Will the high temp in Chicago be 48-49° on Mar 29 2024?","7cc296f3-48c2-40a2-9b7a-733d454673dc","Mar 29, 2024","1","1","0.01","Mar 29, 2024 at 10:42AM EDT","No"
"Trade","Will the high temp in Chicago be 48-49° on Mar 29 2024?","7cc296f3-48c2-40a2-9b7a-733d454673dc","Mar 29, 2024","50","11","0.20","Mar 29, 2024 at 10:42AM EDT","No"
"Trade","Will the high temp in Chicago be <48° on Mar 29 2024?","51a7403b-3ad6-437d-9eef-8b7385f47297","Mar 29, 2024","1","1","0.01","Mar 29, 2024 at 10:42AM EDT","No"
"Trade","Will the high temp in Chicago be <48° on Mar 29 2024?","51a7403b-3ad6-437d-9eef-8b7385f47297","Mar 29, 2024","50","9","0.16","Mar 29, 2024 at 10:42AM EDT","No"
"Trade","Will the high temp in Chicago be <48° on Mar 29 2024?","51a7403b-3ad6-437d-9eef-8b7385f47297","Mar 29, 2024","50","20","0.35","Mar 29, 2024 at 10:42AM EDT","No"
"Trade","Will the high temp in Chicago be <48° on Mar 29 2024?","51a7403b-3ad6-437d-9eef-8b7385f47297","Mar 29, 2024","50","10","0.18","Mar 29, 2024 at 10:42AM EDT","No"
"Trade","Will the **high temp in NYC** be <51° on Mar 29 2024?","7290f28e-fa9a-4d6e-a39a-ec4878b4698d","Mar 29, 2024","99","40","0.03","Mar 29, 2024 at 10:42AM EDT","No"
"Trade","Will the **high temp in NYC** be 55-56° on Mar 29 2024?","d3ef93b8-780f-45df-8a1f-60c6515f3d95","Mar 29, 2024","1","1","0.01","Mar 29, 2024 at 10:41AM EDT","No"
"Trade","Will the **high temp in NYC** be 55-56° on Mar 29 2024?","d3ef93b8-780f-45df-8a1f-60c6515f3d95","Mar 29, 2024","50","10","0.18","Mar 29, 2024 at 10:41AM EDT","No"
"Trade","Will the **high temp in NYC** be 53-54° on Mar 29 2024?","d0a01e7f-6b60-44dd-b2cf-1ba4de673b21","Mar 29, 2024","50","20","0.35","Mar 29, 2024 at 10:41AM EDT","No"
"Trade","Will the **high temp in NYC** be 53-54° on Mar 29 2024?","d0a01e7f-6b60-44dd-b2cf-1ba4de673b21","Mar 29, 2024","1","1","0.01","Mar 29, 2024 at 10:41AM EDT","No"
"Trade","Will the **high temp in NYC** be 51-52° on Mar 29 2024?","730e330e-4d5a-4b79-b704-fc3a28208406","Mar 29, 2024","50","20","0.35","Mar 29, 2024 at 10:41AM EDT","No"
"Trade","Will the **high temp in NYC** be 51-52° on Mar 29 2024?","730e330e-4d5a-4b79-b704-fc3a28208406","Mar 29, 2024","1","1","0.01","Mar 29, 2024 at 10:41AM EDT","No"
"Trade","Will the **high temp in NYC** be <51° on Mar 29 2024?","7290f28e-fa9a-4d6e-a39a-ec4878b4698d","Mar 29, 2024","99","9","0.01","Mar 29, 2024 at 10:41AM EDT","No"
"Trade","Will the **high temp in NYC** be <51° on Mar 29 2024?","7290f28e-fa9a-4d6e-a39a-ec4878b4698d","Mar 29, 2024","50","10","0.18","Mar 29, 2024 at 10:41AM EDT","No"
"Trade","Will the **high temp in NYC** be <51° on Mar 29 2024?","7290f28e-fa9a-4d6e-a39a-ec4878b4698d","Mar 29, 2024","50","10","0.18","Mar 29, 2024 at 10:41AM EDT","No"
"Trade","Will the **high temp in NYC** be <51° on Mar 29 2024?","7290f28e-fa9a-4d6e-a39a-ec4878b4698d","Mar 29, 2024","1","1","0.01","Mar 29, 2024 at 10:41AM EDT","No"
"Trade","Will the **high temp in NYC** be <51° on Mar 29 2024?","7290f28e-fa9a-4d6e-a39a-ec4878b4698d","Mar 29, 2024","1","10","0.01","Mar 29, 2024 at 10:41AM EDT","No"
"Trade","Will the **high temp in Austin** be <74° on Mar 29 2024?","86a437c3-4fcd-4b24-bc48-69efc95a322b","Mar 29, 2024","99","29","0.03","Mar 29, 2024 at 10:41AM EDT","No"
"Trade","Will the **high temp in Austin** be <74° on Mar 29 2024?","86a437c3-4fcd-4b24-bc48-69efc95a322b","Mar 29, 2024","1","1","0.01","Mar 29, 2024 at 10:41AM EDT","No"
"Trade","Will the **high temp in Austin** be <74° on Mar 29 2024?","86a437c3-4fcd-4b24-bc48-69efc95a322b","Mar 29, 2024","50","10","0.18","Mar 29, 2024 at 10:41AM EDT","No"
"Trade","Will the **high temp in NYC** be 57-58° on Mar 29 2024?","6357f0a3-4a79-4b1c-b30f-3419e1769be0","Mar 29, 2024","50","22","0.39","Mar 29, 2024 at 10:41AM EDT","No"
"Trade","Will the **high temp in NYC** be 57-58° on Mar 29 2024?","6357f0a3-4a79-4b1c-b30f-3419e1769be0","Mar 29, 2024","50","40","0.70","Mar 29, 2024 at 10:40AM EDT","No"
"Trade","Will the **high temp in Austin** be 78-79° on Mar 29 2024?","ff76597e-a6cc-40c6-961a-3c4ace2f1736","Mar 29, 2024","50","21","0.37","Mar 29, 2024 at 10:40AM EDT","No"
"Trade","Will the **high temp in Austin** be 78-79° on Mar 29 2024?","ff76597e-a6cc-40c6-961a-3c4ace2f1736","Mar 29, 2024","1","1","0.01","Mar 29, 2024 at 10:40AM EDT","No"
"Trade","Will the **high temp in NYC** be 57-58° on Mar 29 2024?","6357f0a3-4a79-4b1c-b30f-3419e1769be0","Mar 29, 2024","1","1","0.01","Mar 29, 2024 at 10:40AM EDT","No"
"Trade","Will the **high temp in NYC** be 57-58° on Mar 29 2024?","6357f0a3-4a79-4b1c-b30f-3419e1769be0","Mar 29, 2024","1","1","0.01","Mar 29, 2024 at 10:40AM EDT","No"
"Trade","Will the **high temp in NYC** be 57-58° on Mar 29 2024?","6357f0a3-4a79-4b1c-b30f-3419e1769be0","Mar 29, 2024","50","38","0.67","Mar 29, 2024 at 10:40AM EDT","No"
"Trade","Will the **high temp in Austin** be 74-75° on Mar 29 2024?","91db67d6-ecec-47fa-a0fa-210c0e19e2b8","Mar 29, 2024","99","1","0.00","Mar 29, 2024 at 10:15AM EDT","No"
"Trade","Will the **high temp in Austin** be 76-77° on Mar 29 2024?","962f9c27-dc98-489a-8587-399f56674099","Mar 29, 2024","99","1","0.00","Mar 29, 2024 at 10:15AM EDT","No"
"Trade","Will the **high temp in Austin** be 78-79° on Mar 29 2024?","ff76597e-a6cc-40c6-961a-3c4ace2f1736","Mar 29, 2024","50","40","0.70","Mar 29, 2024 at 10:12AM EDT","No"
"Trade","Will the **high temp in Austin** be 78-79° on Mar 29 2024?","ff76597e-a6cc-40c6-961a-3c4ace2f1736","Mar 29, 2024","1","1","0.01","Mar 29, 2024 at 10:12AM EDT","No"
"Trade","Will the **high temp in Austin** be 78-79° on Mar 29 2024?","ff76597e-a6cc-40c6-961a-3c4ace2f1736","Mar 29, 2024","50","39","0.69","Mar 29, 2024 at 10:12AM EDT","No"
"Trade","Will the **high temp in Austin** be 76-77° on Mar 29 2024?","962f9c27-dc98-489a-8587-399f56674099","Mar 29, 2024","1","1","0.01","Mar 29, 2024 at 10:12AM EDT","No"
"Trade","Will the **high temp in Austin** be 76-77° on Mar 29 2024?","962f9c27-dc98-489a-8587-399f56674099","Mar 29, 2024","50","20","0.35","Mar 29, 2024 at 10:12AM EDT","No"
"Trade","Will the **high temp in Austin** be 74-75° on Mar 29 2024?","91db67d6-ecec-47fa-a0fa-210c0e19e2b8","Mar 29, 2024","1","1","0.01","Mar 29, 2024 at 10:12AM EDT","No"
"Trade","Will the **high temp in Austin** be 74-75° on Mar 29 2024?","91db67d6-ecec-47fa-a0fa-210c0e19e2b8","Mar 29, 2024","50","20","0.35","Mar 29, 2024 at 10:12AM EDT","No"
"Trade","Will the **high temp in Austin** be <74° on Mar 29 2024?","86a437c3-4fcd-4b24-bc48-69efc95a322b","Mar 29, 2024","1","10","0.01","Mar 29, 2024 at 10:12AM EDT","No"
"Trade","Will the **high temp in Austin** be <74° on Mar 29 2024?","86a437c3-4fcd-4b24-bc48-69efc95a322b","Mar 29, 2024","1","1","0.01","Mar 29, 2024 at 10:12AM EDT","No"
"Trade","Will the **high temp in Austin** be <74° on Mar 29 2024?","86a437c3-4fcd-4b24-bc48-69efc95a322b","Mar 29, 2024","50","10","0.18","Mar 29, 2024 at 10:12AM EDT","No"
"Trade","Will the **high temp in Austin** be <74° on Mar 29 2024?","86a437c3-4fcd-4b24-bc48-69efc95a322b","Mar 29, 2024","50","10","0.18","Mar 29, 2024 at 10:12AM EDT","No"
"Trade","Will the **high temp in Austin** be <74° on Mar 29 2024?","86a437c3-4fcd-4b24-bc48-69efc95a322b","Mar 29, 2024","99","9","0.01","Mar 29, 2024 at 10:12AM EDT","No"
"Trade","Will the **high temp in NYC** be 55-56° on Mar 28 2024?","da564364-d898-4f53-b6a2-a1bf62210551","Mar 28, 2024","99","1","0.00","Mar 28, 2024 at 10:44PM EDT","No"
"Trade","Will the high temp in Chicago be 50-51° on Mar 28 2024?","27f3ff52-389c-49ec-a05e-e411864b7ad8","Mar 28, 2024","99","10","0.00","Mar 28, 2024 at 9:27PM EDT","No"
"Trade","Will the high temp in Chicago be 50-51° on Mar 28 2024?","27f3ff52-389c-49ec-a05e-e411864b7ad8","Mar 28, 2024","99","10","0.00","Mar 28, 2024 at 9:24PM EDT","No"
"Trade","Will the **high temp in Miami** be >88° on Mar 28 2024?","383aa97a-a3ba-44e0-9dee-e18a2fd2797c","Mar 28, 2024","99","38","0.00","Mar 28, 2024 at 6:04PM EDT","No"
"Trade","Will the **high temp in Austin** be >80° on Mar 28 2024?","676497f1-9045-4d81-b1b5-b58036190718","Mar 28, 2024","99","18","0.00","Mar 28, 2024 at 6:04PM EDT","No"
"Trade","Will the **high temp in Miami** be 87-88° on Mar 28 2024?","ca239585-556c-4374-b121-a045910cc3f2","Mar 28, 2024","99","27","0.00","Mar 28, 2024 at 5:30PM EDT","No"
"Trade","Will the **high temp in Austin** be 77-78° on Mar 28 2024?","4df404ba-ee8e-4f37-a044-d613e4b7c53c","Mar 28, 2024","99","28","0.00","Mar 28, 2024 at 5:21PM EDT","No"
"Trade","Will the **high temp in Austin** be 75-76° on Mar 28 2024?","4b69d64a-2891-4fe7-a8d2-4892434f5150","Mar 28, 2024","99","20","0.00","Mar 28, 2024 at 5:20PM EDT","No"
"Trade","Will the high temp in Chicago be <46° on Mar 28 2024?","0bfe9937-f190-44e6-a06d-f50ac765a5af","Mar 28, 2024","99","10","0.00","Mar 28, 2024 at 3:54PM EDT","No"
"Trade","Will the **high temp in Miami** be 87-88° on Mar 28 2024?","ca239585-556c-4374-b121-a045910cc3f2","Mar 28, 2024","99","10","0.00","Mar 28, 2024 at 3:54PM EDT","No"
"Trade","Will the **high temp in NYC** be 55-56° on Mar 28 2024?","da564364-d898-4f53-b6a2-a1bf62210551","Mar 28, 2024","99","10","0.00","Mar 28, 2024 at 3:54PM EDT","No"
"Trade","Will the high temp in Chicago be 52-53° on Mar 28 2024?","57ea25a7-cbc7-4bb5-9376-40c65b83ebd1","Mar 28, 2024","99","7","0.00","Mar 28, 2024 at 2:47PM EDT","No"
"Trade","Will the **high temp in Austin** be >80° on Mar 28 2024?","676497f1-9045-4d81-b1b5-b58036190718","Mar 28, 2024","99","10","0.00","Mar 28, 2024 at 2:47PM EDT","No"
"Trade","Will the **high temp in Miami** be 81-82° on Mar 28 2024?","ad078828-e46a-400c-b4ef-1624297c243c","Mar 28, 2024","99","40","0.00","Mar 28, 2024 at 2:38PM EDT","No"
"Trade","Will the **high temp in Miami** be 85-86° on Mar 28 2024?","f3400fd3-5f65-47c5-90a2-43031fc2d763","Mar 28, 2024","99","28","0.00","Mar 28, 2024 at 2:37PM EDT","No"
"Trade","Will the **high temp in Austin** be 73-74° on Mar 28 2024?","bf1b28ef-f6bc-4488-8593-0644fb909790","Mar 28, 2024","99","38","0.00","Mar 28, 2024 at 2:37PM EDT","No"
"Trade","Will the high temp in Chicago be 48-49° on Mar 28 2024?","257e9c09-d4de-49ce-b3fb-b3bf61fa8a1a","Mar 28, 2024","99","38","0.00","Mar 28, 2024 at 2:37PM EDT","No"
"Trade","Will the **high temp in Austin** be 79-80° on Mar 28 2024?","d082c4b9-a983-40bf-aeb4-337d4e666cb3","Mar 28, 2024","99","37","0.00","Mar 28, 2024 at 2:35PM EDT","No"
"Trade","Will the high temp in Chicago be >53° on Mar 28 2024?","583e7a16-088d-40f7-acd1-c71adbc03259","Mar 28, 2024","99","40","0.00","Mar 28, 2024 at 2:33PM EDT","No"
"Trade","Will the **high temp in NYC** be 51-52° on Mar 28 2024?","bdba410a-a103-43ca-b04e-52c93e22486a","Mar 28, 2024","99","38","0.00","Mar 28, 2024 at 2:31PM EDT","No"
"Trade","Will the **high temp in Austin** be 75-76° on Mar 28 2024?","4b69d64a-2891-4fe7-a8d2-4892434f5150","Mar 28, 2024","99","1","0.00","Mar 28, 2024 at 2:20PM EDT","No"
"Trade","Will the **high temp in Austin** be 75-76° on Mar 28 2024?","4b69d64a-2891-4fe7-a8d2-4892434f5150","Mar 28, 2024","99","19","0.00","Mar 28, 2024 at 2:14PM EDT","No"
"Trade","Will the **high temp in NYC** be 55-56° on Mar 28 2024?","da564364-d898-4f53-b6a2-a1bf62210551","Mar 28, 2024","99","1","0.00","Mar 28, 2024 at 1:19PM EDT","No"
"Trade","Will the **high temp in NYC** be 55-56° on Mar 28 2024?","da564364-d898-4f53-b6a2-a1bf62210551","Mar 28, 2024","99","9","0.00","Mar 28, 2024 at 1:16PM EDT","No"
"Trade","Will the **high temp in NYC** be 53-54° on Mar 28 2024?","927665d7-a0e8-4be4-a90e-85db44addeaf","Mar 28, 2024","99","38","0.00","Mar 28, 2024 at 1:16PM EDT","No"
"Trade","Will the **high temp in Miami** be 83-84° on Mar 28 2024?","8f8b2844-2f16-47cf-84c3-ba1d6ea38b59","Mar 28, 2024","99","38","0.00","Mar 28, 2024 at 1:16PM EDT","No"
"Trade","Will the **high temp in Miami** be 85-86° on Mar 28 2024?","f3400fd3-5f65-47c5-90a2-43031fc2d763","Mar 28, 2024","99","10","0.00","Mar 28, 2024 at 10:14AM EDT","No"
"Trade","Will the **high temp in Austin** be >80° on Mar 28 2024?","676497f1-9045-4d81-b1b5-b58036190718","Mar 28, 2024","99","10","0.00","Mar 28, 2024 at 10:13AM EDT","No"
"Trade","Will the **high temp in Austin** be 77-78° on Mar 28 2024?","4df404ba-ee8e-4f37-a044-d613e4b7c53c","Mar 28, 2024","99","10","0.00","Mar 28, 2024 at 10:05AM EDT","No"
"Trade","Will the high temp in Chicago be 52-53° on Mar 28 2024?","57ea25a7-cbc7-4bb5-9376-40c65b83ebd1","Mar 28, 2024","99","10","0.00","Mar 28, 2024 at 10:05AM EDT","No"
"Trade","Will the high temp in Chicago be <46° on Mar 28 2024?","0bfe9937-f190-44e6-a06d-f50ac765a5af","Mar 28, 2024","99","1","0.00","Mar 28, 2024 at 8:21AM EDT","No"
"Trade","Will the high temp in Chicago be 48-49° on Mar 28 2024?","257e9c09-d4de-49ce-b3fb-b3bf61fa8a1a","Mar 28, 2024","99","1","0.00","Mar 28, 2024 at 8:21AM EDT","No"
"Trade","Will the high temp in Chicago be 50-51° on Mar 28 2024?","27f3ff52-389c-49ec-a05e-e411864b7ad8","Mar 28, 2024","99","1","0.00","Mar 28, 2024 at 8:21AM EDT","No"
"Trade","Will the high temp in Chicago be 52-53° on Mar 28 2024?","57ea25a7-cbc7-4bb5-9376-40c65b83ebd1","Mar 28, 2024","99","1","0.00","Mar 28, 2024 at 8:21AM EDT","No"
"Trade","Will the **high temp in Austin** be 73-74° on Mar 28 2024?","bf1b28ef-f6bc-4488-8593-0644fb909790","Mar 28, 2024","99","1","0.00","Mar 28, 2024 at 8:20AM EDT","No"
"Trade","Will the **high temp in Austin** be 77-78° on Mar 28 2024?","4df404ba-ee8e-4f37-a044-d613e4b7c53c","Mar 28, 2024","99","1","0.00","Mar 28, 2024 at 8:20AM EDT","No"
"Trade","Will the **high temp in Austin** be 79-80° on Mar 28 2024?","d082c4b9-a983-40bf-aeb4-337d4e666cb3","Mar 28, 2024","99","1","0.00","Mar 28, 2024 at 8:20AM EDT","No"
"Trade","Will the **high temp in Austin** be >80° on Mar 28 2024?","676497f1-9045-4d81-b1b5-b58036190718","Mar 28, 2024","99","1","0.00","Mar 28, 2024 at 8:20AM EDT","No"
"Trade","Will the **high temp in Miami** be 83-84° on Mar 28 2024?","8f8b2844-2f16-47cf-84c3-ba1d6ea38b59","Mar 28, 2024","99","1","0.00","Mar 28, 2024 at 8:20AM EDT","No"
"Trade","Will the **high temp in Miami** be 85-86° on Mar 28 2024?","f3400fd3-5f65-47c5-90a2-43031fc2d763","Mar 28, 2024","99","1","0.00","Mar 28, 2024 at 8:20AM EDT","No"
"Trade","Will the **high temp in Miami** be 87-88° on Mar 28 2024?","ca239585-556c-4374-b121-a045910cc3f2","Mar 28, 2024","99","1","0.00","Mar 28, 2024 at 8:20AM EDT","No"
"Trade","Will the **high temp in Miami** be >88° on Mar 28 2024?","383aa97a-a3ba-44e0-9dee-e18a2fd2797c","Mar 28, 2024","99","1","0.00","Mar 28, 2024 at 8:20AM EDT","No"
"Trade","Will the **high temp in Miami** be >88° on Mar 28 2024?","383aa97a-a3ba-44e0-9dee-e18a2fd2797c","Mar 28, 2024","1","1","0.01","Mar 28, 2024 at 8:17AM EDT","No"
"Trade","Will the **high temp in Miami** be 87-88° on Mar 28 2024?","ca239585-556c-4374-b121-a045910cc3f2","Mar 28, 2024","1","1","0.01","Mar 28, 2024 at 8:17AM EDT","No"
"Trade","Will the **high temp in Miami** be 87-88° on Mar 28 2024?","ca239585-556c-4374-b121-a045910cc3f2","Mar 28, 2024","1","1","0.01","Mar 28, 2024 at 8:17AM EDT","No"
"Trade","Will the **high temp in Miami** be 85-86° on Mar 28 2024?","f3400fd3-5f65-47c5-90a2-43031fc2d763","Mar 28, 2024","1","1","0.01","Mar 28, 2024 at 8:17AM EDT","No"
"Trade","Will the **high temp in Miami** be 83-84° on Mar 28 2024?","8f8b2844-2f16-47cf-84c3-ba1d6ea38b59","Mar 28, 2024","1","1","0.01","Mar 28, 2024 at 8:17AM EDT","No"
"Trade","Will the **high temp in Miami** be <81° on Mar 28 2024?","672b73a9-3f8d-45f6-90f5-b80268b7344c","Mar 28, 2024","1","1","0.01","Mar 28, 2024 at 8:17AM EDT","No"
"Trade","Will the **high temp in Miami** be <81° on Mar 28 2024?","672b73a9-3f8d-45f6-90f5-b80268b7344c","Mar 28, 2024","1","39","0.03","Mar 28, 2024 at 8:17AM EDT","No"
"Trade","Will the high temp in Chicago be 52-53° on Mar 28 2024?","57ea25a7-cbc7-4bb5-9376-40c65b83ebd1","Mar 28, 2024","50","10","0.18","Mar 28, 2024 at 8:16AM EDT","No"
"Trade","Will the high temp in Chicago be 52-53° on Mar 28 2024?","57ea25a7-cbc7-4bb5-9376-40c65b83ebd1","Mar 28, 2024","50","10","0.18","Mar 28, 2024 at 8:16AM EDT","No"
"Trade","Will the high temp in Chicago be 52-53° on Mar 28 2024?","57ea25a7-cbc7-4bb5-9376-40c65b83ebd1","Mar 28, 2024","1","1","0.01","Mar 28, 2024 at 8:16AM EDT","No"
"Trade","Will the high temp in Chicago be 52-53° on Mar 28 2024?","57ea25a7-cbc7-4bb5-9376-40c65b83ebd1","Mar 28, 2024","1","1","0.01","Mar 28, 2024 at 8:16AM EDT","No"
"Trade","Will the high temp in Chicago be 50-51° on Mar 28 2024?","27f3ff52-389c-49ec-a05e-e411864b7ad8","Mar 28, 2024","1","1","0.01","Mar 28, 2024 at 8:16AM EDT","No"
"Trade","Will the high temp in Chicago be 48-49° on Mar 28 2024?","257e9c09-d4de-49ce-b3fb-b3bf61fa8a1a","Mar 28, 2024","1","1","0.01","Mar 28, 2024 at 8:16AM EDT","No"
"Trade","Will the high temp in Chicago be 46-47° on Mar 28 2024?","472ed366-80c6-48f9-87fd-5e5163beda08","Mar 28, 2024","90","39","0.25","Mar 28, 2024 at 8:16AM EDT","No"
"Trade","Will the high temp in Chicago be 46-47° on Mar 28 2024?","472ed366-80c6-48f9-87fd-5e5163beda08","Mar 28, 2024","1","1","0.01","Mar 28, 2024 at 8:16AM EDT","No"
"Trade","Will the high temp in Chicago be <46° on Mar 28 2024?","0bfe9937-f190-44e6-a06d-f50ac765a5af","Mar 28, 2024","1","1","0.01","Mar 28, 2024 at 8:16AM EDT","No"
"Trade","Will the **high temp in Austin** be >80° on Mar 28 2024?","676497f1-9045-4d81-b1b5-b58036190718","Mar 28, 2024","1","1","0.01","Mar 28, 2024 at 8:16AM EDT","No"
"Trade","Will the **high temp in Austin** be 79-80° on Mar 28 2024?","d082c4b9-a983-40bf-aeb4-337d4e666cb3","Mar 28, 2024","1","1","0.01","Mar 28, 2024 at 8:16AM EDT","No"
"Trade","Will the **high temp in Austin** be 79-80° on Mar 28 2024?","d082c4b9-a983-40bf-aeb4-337d4e666cb3","Mar 28, 2024","1","1","0.01","Mar 28, 2024 at 8:16AM EDT","No"
"Trade","Will the **high temp in Austin** be 77-78° on Mar 28 2024?","4df404ba-ee8e-4f37-a044-d613e4b7c53c","Mar 28, 2024","1","1","0.01","Mar 28, 2024 at 8:16AM EDT","No"
"Trade","Will the **high temp in Austin** be 73-74° on Mar 28 2024?","bf1b28ef-f6bc-4488-8593-0644fb909790","Mar 28, 2024","1","1","0.01","Mar 28, 2024 at 8:16AM EDT","No"
"Trade","Will the **high temp in Austin** be <73° on Mar 28 2024?","3a2cbbcf-192b-494b-b929-4a5dbc653ab6","Mar 28, 2024","1","1","0.01","Mar 28, 2024 at 8:16AM EDT","No"
"Trade","Will the **high temp in Austin** be <73° on Mar 28 2024?","3a2cbbcf-192b-494b-b929-4a5dbc653ab6","Mar 28, 2024","50","10","0.18","Mar 28, 2024 at 8:16AM EDT","No"
"Trade","Will the **high temp in Austin** be <73° on Mar 28 2024?","3a2cbbcf-192b-494b-b929-4a5dbc653ab6","Mar 28, 2024","80","19","0.22","Mar 28, 2024 at 8:16AM EDT","No"
"Trade","Will the **high temp in Austin** be <73° on Mar 28 2024?","3a2cbbcf-192b-494b-b929-4a5dbc653ab6","Mar 28, 2024","50","10","0.18","Mar 28, 2024 at 8:16AM EDT","No"
"Trade","Will the **high temp in NYC** be 51-52° on Mar 28 2024?","bdba410a-a103-43ca-b04e-52c93e22486a","Mar 28, 2024","99","1","0.00","Mar 28, 2024 at 8:16AM EDT","No"
"Trade","Will the **high temp in NYC** be 53-54° on Mar 28 2024?","927665d7-a0e8-4be4-a90e-85db44addeaf","Mar 28, 2024","99","1","0.00","Mar 28, 2024 at 8:16AM EDT","No"
"Trade","Will the **high temp in NYC** be 57-58° on Mar 28 2024?","11804d13-ad93-4c02-9da3-78d755492754","Mar 28, 2024","99","1","0.00","Mar 28, 2024 at 8:15AM EDT","No"
"Trade","Will the **high temp in NYC** be 57-58° on Mar 28 2024?","11804d13-ad93-4c02-9da3-78d755492754","Mar 28, 2024","1","1","0.01","Mar 28, 2024 at 8:13AM EDT","No"
"Trade","Will the **high temp in NYC** be 57-58° on Mar 28 2024?","11804d13-ad93-4c02-9da3-78d755492754","Mar 28, 2024","1","1","0.01","Mar 28, 2024 at 8:13AM EDT","No"
"Trade","Will the **high temp in NYC** be 53-54° on Mar 28 2024?","927665d7-a0e8-4be4-a90e-85db44addeaf","Mar 28, 2024","1","1","0.01","Mar 28, 2024 at 8:13AM EDT","No"
"Trade","Will the **high temp in NYC** be 51-52° on Mar 28 2024?","bdba410a-a103-43ca-b04e-52c93e22486a","Mar 28, 2024","1","1","0.01","Mar 28, 2024 at 8:13AM EDT","No"
"Trade","Will the **high temp in NYC** be <51° on Mar 28 2024?","e2c913e9-6f40-444f-83e9-1a638ab18d59","Mar 28, 2024","1","1","0.01","Mar 28, 2024 at 8:13AM EDT","No"
"Trade","Will the **high temp in NYC** be <51° on Mar 28 2024?","e2c913e9-6f40-444f-83e9-1a638ab18d59","Mar 28, 2024","50","10","0.18","Mar 28, 2024 at 8:13AM EDT","No"
"Trade","Will the **high temp in NYC** be <51° on Mar 28 2024?","e2c913e9-6f40-444f-83e9-1a638ab18d59","Mar 28, 2024","50","10","0.18","Mar 28, 2024 at 8:13AM EDT","No"
"Trade","Will the **high temp in NYC** be <51° on Mar 28 2024?","e2c913e9-6f40-444f-83e9-1a638ab18d59","Mar 28, 2024","70","19","0.28","Mar 28, 2024 at 8:13AM EDT","No"
"Trade","Will the high temp in Chicago be 46-47° on Mar 24 2024?","03504ea8-39fe-4ee0-b478-ebbdd7321140","Mar 24, 2024","50","193","3.38","Mar 24, 2024 at 9:15AM EDT","Yes"
"Trade","Will the high temp in Chicago be 46-47° on Mar 24 2024?","03504ea8-39fe-4ee0-b478-ebbdd7321140","Mar 24, 2024","1","1","0.01","Mar 24, 2024 at 9:15AM EDT","Yes"
"Trade","Will the **high temp in Miami** be 79-80° on Mar 24 2024?","64b43baa-8205-448c-83bd-119928c7f24a","Mar 24, 2024","50","191","3.35","Mar 24, 2024 at 9:13AM EDT","Yes"
"Trade","Will the **high temp in Austin** be 72-73° on Mar 24 2024?","273d4463-e30c-4a2c-971d-fd3c1d28d29a","Mar 24, 2024","50","173","3.03","Mar 24, 2024 at 9:12AM EDT","Yes"
"Trade","Will the **high temp in NYC** be 49-50° on Mar 24 2024?","1915b35f-bd65-4341-82af-21e71bfda096","Mar 24, 2024","98","996","1.37","Mar 24, 2024 at 9:07AM EDT","No"
"Trade","Will the **high temp in Austin** be <70° on Mar 23 2024?","1c8e909f-f7e1-4221-8331-5351fd24b0fa","Mar 23, 2024","90","447","2.82","Mar 23, 2024 at 2:49PM EDT","No"
"Trade","Will the high temp in Chicago be 40-41° on Mar 23 2024?","0a272daf-a5b9-4234-9e33-0200fc11e454","Mar 23, 2024","70","25","0.37","Mar 23, 2024 at 2:46PM EDT","No"
"Trade","Will the high temp in Chicago be 38-39° on Mar 23 2024?","268f0a3e-be99-497e-b1dc-13416e92486a","Mar 23, 2024","70","25","0.37","Mar 23, 2024 at 2:46PM EDT","No"
"Trade","Will the **high temp in Miami** be 79-80° on Mar 23 2024?","31515c7e-71b5-4dec-9520-1f005afc8572","Mar 23, 2024","73","125","1.73","Mar 23, 2024 at 2:41PM EDT","Yes"
"Trade","Will the **high temp in NYC** be >55° on Mar 23 2024?","a4be9cd0-1690-48b7-bc11-7a41d735449a","Mar 23, 2024","50","125","2.19","Mar 23, 2024 at 2:40PM EDT","Yes"
"Trade","Will the **high temp in Austin** be <72° on Mar 22 2024?","2a5cd40c-74da-465a-b93d-40b9bc5acdee","Mar 22, 2024","70","139","2.05","Mar 22, 2024 at 10:17AM EDT","Yes"
"Trade","Will the high temp in Chicago be 44-45° on Mar 22 2024?","96407528-1d07-4e69-a152-c5449ce43708","Mar 22, 2024","50","186","3.26","Mar 22, 2024 at 10:16AM EDT","Yes"
"Trade","Will the **high temp in NYC** be >48° on Mar 22 2024?","14f0c827-672a-4cdd-94fe-1e18daa38676","Mar 22, 2024","50","115","2.02","Mar 22, 2024 at 10:16AM EDT","Yes"
"Trade","Will the **high temp in Miami** be 79-80° on Mar 22 2024?","264ca899-d6b1-4756-9970-3be539ea023f","Mar 22, 2024","50","152","2.66","Mar 22, 2024 at 10:16AM EDT","Yes"
"Trade","Will the high temp in Chicago be >43° on Mar 21 2024?","7dc44ef5-1a8b-4e45-9cf9-eb44fe314170","Mar 21, 2024","1","100","0.00","Mar 21, 2024 at 8:53PM EDT","Yes"
"Trade","Will the **high temp in NYC** be >47° on Mar 21 2024?","830f027e-0812-4fa8-aa7b-7e11ce701ec8","Mar 21, 2024","1","100","0.00","Mar 21, 2024 at 8:51PM EDT","Yes"
"Trade","Will the **high temp in Miami** be 75-76° on Mar 21 2024?","dca9f288-83ea-4d9f-b018-992fc3d2d74b","Mar 21, 2024","1","1","0.00","Mar 21, 2024 at 5:09PM EDT","Yes"
"Trade","Will the **high temp in Miami** be 75-76° on Mar 21 2024?","dca9f288-83ea-4d9f-b018-992fc3d2d74b","Mar 21, 2024","1","1","0.00","Mar 21, 2024 at 5:04PM EDT","Yes"
"Trade","Will the **high temp in Miami** be 75-76° on Mar 21 2024?","dca9f288-83ea-4d9f-b018-992fc3d2d74b","Mar 21, 2024","1","1","0.00","Mar 21, 2024 at 4:59PM EDT","Yes"
"Trade","Will the **high temp in Miami** be 75-76° on Mar 21 2024?","dca9f288-83ea-4d9f-b018-992fc3d2d74b","Mar 21, 2024","1","1","0.00","Mar 21, 2024 at 4:50PM EDT","Yes"
"Trade","Will the **high temp in Miami** be 75-76° on Mar 21 2024?","dca9f288-83ea-4d9f-b018-992fc3d2d74b","Mar 21, 2024","1","1","0.00","Mar 21, 2024 at 3:58PM EDT","Yes"
"Trade","Will the **high temp in Miami** be 75-76° on Mar 21 2024?","dca9f288-83ea-4d9f-b018-992fc3d2d74b","Mar 21, 2024","1","1","0.00","Mar 21, 2024 at 3:55PM EDT","Yes"
"Trade","Will the **high temp in Miami** be 75-76° on Mar 21 2024?","dca9f288-83ea-4d9f-b018-992fc3d2d74b","Mar 21, 2024","1","1","0.00","Mar 21, 2024 at 3:51PM EDT","Yes"
"Trade","Will the **high temp in Miami** be 75-76° on Mar 21 2024?","dca9f288-83ea-4d9f-b018-992fc3d2d74b","Mar 21, 2024","1","1","0.00","Mar 21, 2024 at 3:48PM EDT","Yes"
"Trade","Will the **high temp in Miami** be 75-76° on Mar 21 2024?","dca9f288-83ea-4d9f-b018-992fc3d2d74b","Mar 21, 2024","1","1","0.00","Mar 21, 2024 at 3:44PM EDT","Yes"
"Trade","Will the **high temp in Miami** be 75-76° on Mar 21 2024?","dca9f288-83ea-4d9f-b018-992fc3d2d74b","Mar 21, 2024","1","1","0.00","Mar 21, 2024 at 3:41PM EDT","Yes"
"Trade","Will the **high temp in Miami** be 75-76° on Mar 21 2024?","dca9f288-83ea-4d9f-b018-992fc3d2d74b","Mar 21, 2024","1","1","0.00","Mar 21, 2024 at 3:38PM EDT","Yes"
"Trade","Will the **high temp in Miami** be 75-76° on Mar 21 2024?","dca9f288-83ea-4d9f-b018-992fc3d2d74b","Mar 21, 2024","1","1","0.00","Mar 21, 2024 at 3:34PM EDT","Yes"
"Trade","Will the **high temp in Miami** be 75-76° on Mar 21 2024?","dca9f288-83ea-4d9f-b018-992fc3d2d74b","Mar 21, 2024","1","1","0.00","Mar 21, 2024 at 3:31PM EDT","Yes"
"Trade","Will the **high temp in Miami** be 75-76° on Mar 21 2024?","dca9f288-83ea-4d9f-b018-992fc3d2d74b","Mar 21, 2024","1","1","0.00","Mar 21, 2024 at 3:27PM EDT","Yes"
"Trade","Will the **high temp in Miami** be 75-76° on Mar 21 2024?","dca9f288-83ea-4d9f-b018-992fc3d2d74b","Mar 21, 2024","1","1","0.00","Mar 21, 2024 at 3:24PM EDT","Yes"
"Trade","Will the **high temp in Miami** be 75-76° on Mar 21 2024?","dca9f288-83ea-4d9f-b018-992fc3d2d74b","Mar 21, 2024","1","1","0.00","Mar 21, 2024 at 3:20PM EDT","Yes"
"Trade","Will the **high temp in Miami** be 75-76° on Mar 21 2024?","dca9f288-83ea-4d9f-b018-992fc3d2d74b","Mar 21, 2024","1","1","0.00","Mar 21, 2024 at 3:17PM EDT","Yes"
"Trade","Will the **high temp in Miami** be 75-76° on Mar 21 2024?","dca9f288-83ea-4d9f-b018-992fc3d2d74b","Mar 21, 2024","1","1","0.00","Mar 21, 2024 at 3:13PM EDT","Yes"
"Trade","Will the **high temp in Miami** be 75-76° on Mar 21 2024?","dca9f288-83ea-4d9f-b018-992fc3d2d74b","Mar 21, 2024","1","1","0.00","Mar 21, 2024 at 3:10PM EDT","Yes"
"Trade","Will the **high temp in Miami** be 75-76° on Mar 21 2024?","dca9f288-83ea-4d9f-b018-992fc3d2d74b","Mar 21, 2024","1","1","0.00","Mar 21, 2024 at 3:07PM EDT","Yes"
"Trade","Will the **high temp in Miami** be 75-76° on Mar 21 2024?","dca9f288-83ea-4d9f-b018-992fc3d2d74b","Mar 21, 2024","1","1","0.00","Mar 21, 2024 at 3:03PM EDT","Yes"
"Trade","Will the **high temp in Miami** be 75-76° on Mar 21 2024?","dca9f288-83ea-4d9f-b018-992fc3d2d74b","Mar 21, 2024","1","1","0.00","Mar 21, 2024 at 3:00PM EDT","Yes"
"Trade","Will the **high temp in Miami** be 75-76° on Mar 21 2024?","dca9f288-83ea-4d9f-b018-992fc3d2d74b","Mar 21, 2024","1","1","0.00","Mar 21, 2024 at 2:56PM EDT","Yes"
"Trade","Will the **high temp in Miami** be 75-76° on Mar 21 2024?","dca9f288-83ea-4d9f-b018-992fc3d2d74b","Mar 21, 2024","1","1","0.00","Mar 21, 2024 at 2:52PM EDT","Yes"
"Trade","Will the **high temp in Miami** be 75-76° on Mar 21 2024?","dca9f288-83ea-4d9f-b018-992fc3d2d74b","Mar 21, 2024","1","1","0.00","Mar 21, 2024 at 2:49PM EDT","Yes"
"Trade","Will the **high temp in Miami** be 75-76° on Mar 21 2024?","dca9f288-83ea-4d9f-b018-992fc3d2d74b","Mar 21, 2024","1","1","0.00","Mar 21, 2024 at 2:45PM EDT","Yes"
"Trade","Will the **high temp in Miami** be 75-76° on Mar 21 2024?","dca9f288-83ea-4d9f-b018-992fc3d2d74b","Mar 21, 2024","1","1","0.00","Mar 21, 2024 at 2:42PM EDT","Yes"
"Trade","Will the **high temp in Miami** be 75-76° on Mar 21 2024?","dca9f288-83ea-4d9f-b018-992fc3d2d74b","Mar 21, 2024","1","1","0.00","Mar 21, 2024 at 2:38PM EDT","Yes"
"Trade","Will the **high temp in Miami** be 75-76° on Mar 21 2024?","dca9f288-83ea-4d9f-b018-992fc3d2d74b","Mar 21, 2024","1","1","0.00","Mar 21, 2024 at 2:34PM EDT","Yes"
"Trade","Will the **high temp in Miami** be 75-76° on Mar 21 2024?","dca9f288-83ea-4d9f-b018-992fc3d2d74b","Mar 21, 2024","1","1","0.00","Mar 21, 2024 at 2:31PM EDT","Yes"
"Trade","Will the **high temp in Miami** be 75-76° on Mar 21 2024?","dca9f288-83ea-4d9f-b018-992fc3d2d74b","Mar 21, 2024","1","1","0.00","Mar 21, 2024 at 2:27PM EDT","Yes"
"Trade","Will the **high temp in Miami** be 75-76° on Mar 21 2024?","dca9f288-83ea-4d9f-b018-992fc3d2d74b","Mar 21, 2024","1","1","0.00","Mar 21, 2024 at 2:23PM EDT","Yes"
"Trade","Will the **high temp in Miami** be 75-76° on Mar 21 2024?","dca9f288-83ea-4d9f-b018-992fc3d2d74b","Mar 21, 2024","1","1","0.00","Mar 21, 2024 at 2:20PM EDT","Yes"
"Trade","Will the **high temp in Miami** be 75-76° on Mar 21 2024?","dca9f288-83ea-4d9f-b018-992fc3d2d74b","Mar 21, 2024","1","1","0.00","Mar 21, 2024 at 2:16PM EDT","Yes"
"Trade","Will the **high temp in Miami** be 75-76° on Mar 21 2024?","dca9f288-83ea-4d9f-b018-992fc3d2d74b","Mar 21, 2024","1","1","0.00","Mar 21, 2024 at 2:12PM EDT","Yes"
"Trade","Will the **high temp in Miami** be 75-76° on Mar 21 2024?","dca9f288-83ea-4d9f-b018-992fc3d2d74b","Mar 21, 2024","1","1","0.00","Mar 21, 2024 at 2:08PM EDT","Yes"
"Trade","Will the **high temp in Miami** be 75-76° on Mar 21 2024?","dca9f288-83ea-4d9f-b018-992fc3d2d74b","Mar 21, 2024","1","1","0.00","Mar 21, 2024 at 2:04PM EDT","Yes"
"Trade","Will the **high temp in Miami** be 75-76° on Mar 21 2024?","dca9f288-83ea-4d9f-b018-992fc3d2d74b","Mar 21, 2024","1","1","0.00","Mar 21, 2024 at 2:01PM EDT","Yes"
"Trade","Will the **high temp in Miami** be 75-76° on Mar 21 2024?","dca9f288-83ea-4d9f-b018-992fc3d2d74b","Mar 21, 2024","1","1","0.00","Mar 21, 2024 at 1:57PM EDT","Yes"
"Trade","Will the **high temp in Miami** be 75-76° on Mar 21 2024?","dca9f288-83ea-4d9f-b018-992fc3d2d74b","Mar 21, 2024","1","1","0.00","Mar 21, 2024 at 1:53PM EDT","Yes"
"Trade","Will the **high temp in Miami** be 75-76° on Mar 21 2024?","dca9f288-83ea-4d9f-b018-992fc3d2d74b","Mar 21, 2024","1","1","0.00","Mar 21, 2024 at 1:49PM EDT","Yes"
"Trade","Will the **high temp in Miami** be 75-76° on Mar 21 2024?","dca9f288-83ea-4d9f-b018-992fc3d2d74b","Mar 21, 2024","1","1","0.00","Mar 21, 2024 at 1:45PM EDT","Yes"
"Trade","Will the **high temp in Miami** be 75-76° on Mar 21 2024?","dca9f288-83ea-4d9f-b018-992fc3d2d74b","Mar 21, 2024","1","1","0.00","Mar 21, 2024 at 1:41PM EDT","Yes"
"Trade","Will the **high temp in Miami** be 75-76° on Mar 21 2024?","dca9f288-83ea-4d9f-b018-992fc3d2d74b","Mar 21, 2024","1","1","0.00","Mar 21, 2024 at 1:37PM EDT","Yes"
"Trade","Will the **high temp in Miami** be 75-76° on Mar 21 2024?","dca9f288-83ea-4d9f-b018-992fc3d2d74b","Mar 21, 2024","1","1","0.00","Mar 21, 2024 at 1:33PM EDT","Yes"
"Trade","Will the **high temp in Miami** be 75-76° on Mar 21 2024?","dca9f288-83ea-4d9f-b018-992fc3d2d74b","Mar 21, 2024","1","1","0.00","Mar 21, 2024 at 1:29PM EDT","Yes"
"Trade","Will the **high temp in Miami** be 75-76° on Mar 21 2024?","dca9f288-83ea-4d9f-b018-992fc3d2d74b","Mar 21, 2024","1","1","0.00","Mar 21, 2024 at 1:25PM EDT","Yes"
"Trade","Will the **high temp in Miami** be 75-76° on Mar 21 2024?","dca9f288-83ea-4d9f-b018-992fc3d2d74b","Mar 21, 2024","1","1","0.00","Mar 21, 2024 at 1:21PM EDT","Yes"
"Trade","Will the **high temp in Miami** be 75-76° on Mar 21 2024?","dca9f288-83ea-4d9f-b018-992fc3d2d74b","Mar 21, 2024","1","1","0.00","Mar 21, 2024 at 1:17PM EDT","Yes"
"Trade","Will the **high temp in Miami** be 75-76° on Mar 21 2024?","dca9f288-83ea-4d9f-b018-992fc3d2d74b","Mar 21, 2024","1","1","0.00","Mar 21, 2024 at 1:13PM EDT","Yes"
"Trade","Will the **high temp in Miami** be 75-76° on Mar 21 2024?","dca9f288-83ea-4d9f-b018-992fc3d2d74b","Mar 21, 2024","1","1","0.00","Mar 21, 2024 at 1:09PM EDT","Yes"
"Trade","Will the **high temp in Miami** be 75-76° on Mar 21 2024?","dca9f288-83ea-4d9f-b018-992fc3d2d74b","Mar 21, 2024","1","1","0.00","Mar 21, 2024 at 1:05PM EDT","Yes"
"Trade","Will the **high temp in Miami** be 75-76° on Mar 21 2024?","dca9f288-83ea-4d9f-b018-992fc3d2d74b","Mar 21, 2024","1","1","0.00","Mar 21, 2024 at 1:01PM EDT","Yes"
"Trade","Will the **high temp in Miami** be 75-76° on Mar 21 2024?","dca9f288-83ea-4d9f-b018-992fc3d2d74b","Mar 21, 2024","1","1","0.00","Mar 21, 2024 at 12:57PM EDT","Yes"
"Trade","Will the **high temp in Miami** be 75-76° on Mar 21 2024?","dca9f288-83ea-4d9f-b018-992fc3d2d74b","Mar 21, 2024","1","1","0.00","Mar 21, 2024 at 12:52PM EDT","Yes"
"Trade","Will the **high temp in Miami** be 75-76° on Mar 21 2024?","dca9f288-83ea-4d9f-b018-992fc3d2d74b","Mar 21, 2024","1","1","0.00","Mar 21, 2024 at 12:48PM EDT","Yes"
"Trade","Will the **high temp in Miami** be 75-76° on Mar 21 2024?","dca9f288-83ea-4d9f-b018-992fc3d2d74b","Mar 21, 2024","1","1","0.00","Mar 21, 2024 at 12:44PM EDT","Yes"
"Trade","Will the **high temp in Miami** be 75-76° on Mar 21 2024?","dca9f288-83ea-4d9f-b018-992fc3d2d74b","Mar 21, 2024","1","1","0.00","Mar 21, 2024 at 12:39PM EDT","Yes"
"Trade","Will the **high temp in Miami** be 75-76° on Mar 21 2024?","dca9f288-83ea-4d9f-b018-992fc3d2d74b","Mar 21, 2024","1","1","0.00","Mar 21, 2024 at 12:35PM EDT","Yes"
"Trade","Will the **high temp in Miami** be 75-76° on Mar 21 2024?","dca9f288-83ea-4d9f-b018-992fc3d2d74b","Mar 21, 2024","1","1","0.00","Mar 21, 2024 at 12:30PM EDT","Yes"
"Trade","Will the **high temp in Miami** be 75-76° on Mar 21 2024?","dca9f288-83ea-4d9f-b018-992fc3d2d74b","Mar 21, 2024","1","1","0.00","Mar 21, 2024 at 12:26PM EDT","Yes"
"Trade","Will the **high temp in Miami** be 75-76° on Mar 21 2024?","dca9f288-83ea-4d9f-b018-992fc3d2d74b","Mar 21, 2024","1","1","0.00","Mar 21, 2024 at 12:21PM EDT","Yes"
"Trade","Will the **high temp in Miami** be 75-76° on Mar 21 2024?","dca9f288-83ea-4d9f-b018-992fc3d2d74b","Mar 21, 2024","1","1","0.00","Mar 21, 2024 at 12:17PM EDT","Yes"
"Trade","Will the **high temp in Miami** be 75-76° on Mar 21 2024?","dca9f288-83ea-4d9f-b018-992fc3d2d74b","Mar 21, 2024","1","1","0.00","Mar 21, 2024 at 12:13PM EDT","Yes"
"Trade","Will the **high temp in Miami** be 75-76° on Mar 21 2024?","dca9f288-83ea-4d9f-b018-992fc3d2d74b","Mar 21, 2024","1","1","0.00","Mar 21, 2024 at 12:08PM EDT","Yes"
"Trade","Will the **high temp in Miami** be 75-76° on Mar 21 2024?","dca9f288-83ea-4d9f-b018-992fc3d2d74b","Mar 21, 2024","1","1","0.00","Mar 21, 2024 at 12:04PM EDT","Yes"
"Trade","Will the **high temp in Miami** be 75-76° on Mar 21 2024?","dca9f288-83ea-4d9f-b018-992fc3d2d74b","Mar 21, 2024","1","1","0.00","Mar 21, 2024 at 11:59AM EDT","Yes"
"Trade","Will the **high temp in Miami** be 75-76° on Mar 21 2024?","dca9f288-83ea-4d9f-b018-992fc3d2d74b","Mar 21, 2024","1","1","0.00","Mar 21, 2024 at 11:54AM EDT","Yes"
"Trade","Will the **high temp in Miami** be 75-76° on Mar 21 2024?","dca9f288-83ea-4d9f-b018-992fc3d2d74b","Mar 21, 2024","1","1","0.00","Mar 21, 2024 at 11:49AM EDT","Yes"
"Trade","Will the **high temp in Miami** be 75-76° on Mar 21 2024?","dca9f288-83ea-4d9f-b018-992fc3d2d74b","Mar 21, 2024","1","1","0.00","Mar 21, 2024 at 11:45AM EDT","Yes"
"Trade","Will the **high temp in Miami** be 75-76° on Mar 21 2024?","dca9f288-83ea-4d9f-b018-992fc3d2d74b","Mar 21, 2024","1","1","0.00","Mar 21, 2024 at 11:40AM EDT","Yes"
"Trade","Will the **high temp in Miami** be 75-76° on Mar 21 2024?","dca9f288-83ea-4d9f-b018-992fc3d2d74b","Mar 21, 2024","1","1","0.00","Mar 21, 2024 at 11:35AM EDT","Yes"
"Trade","Will the **high temp in Miami** be 75-76° on Mar 21 2024?","dca9f288-83ea-4d9f-b018-992fc3d2d74b","Mar 21, 2024","1","1","0.00","Mar 21, 2024 at 11:30AM EDT","Yes"
"Trade","Will the **high temp in Miami** be 75-76° on Mar 21 2024?","dca9f288-83ea-4d9f-b018-992fc3d2d74b","Mar 21, 2024","1","1","0.00","Mar 21, 2024 at 11:25AM EDT","Yes"
"Trade","Will the **high temp in Miami** be 75-76° on Mar 21 2024?","dca9f288-83ea-4d9f-b018-992fc3d2d74b","Mar 21, 2024","1","1","0.00","Mar 21, 2024 at 11:20AM EDT","Yes"
"Trade","Will the **high temp in Miami** be 75-76° on Mar 21 2024?","dca9f288-83ea-4d9f-b018-992fc3d2d74b","Mar 21, 2024","1","1","0.00","Mar 21, 2024 at 11:16AM EDT","Yes"
"Trade","Will the **high temp in Miami** be 75-76° on Mar 21 2024?","dca9f288-83ea-4d9f-b018-992fc3d2d74b","Mar 21, 2024","1","1","0.00","Mar 21, 2024 at 11:11AM EDT","Yes"
"Trade","Will the **high temp in Miami** be 75-76° on Mar 21 2024?","dca9f288-83ea-4d9f-b018-992fc3d2d74b","Mar 21, 2024","1","1","0.00","Mar 21, 2024 at 11:06AM EDT","Yes"
"Trade","Will the **high temp in Miami** be 75-76° on Mar 21 2024?","dca9f288-83ea-4d9f-b018-992fc3d2d74b","Mar 21, 2024","1","1","0.00","Mar 21, 2024 at 11:01AM EDT","Yes"
"Trade","Will the **high temp in Miami** be 75-76° on Mar 21 2024?","dca9f288-83ea-4d9f-b018-992fc3d2d74b","Mar 21, 2024","1","1","0.00","Mar 21, 2024 at 10:55AM EDT","Yes"
"Trade","Will the **high temp in Miami** be 75-76° on Mar 21 2024?","dca9f288-83ea-4d9f-b018-992fc3d2d74b","Mar 21, 2024","1","1","0.00","Mar 21, 2024 at 10:50AM EDT","Yes"
"Trade","Will the **high temp in Miami** be 75-76° on Mar 21 2024?","dca9f288-83ea-4d9f-b018-992fc3d2d74b","Mar 21, 2024","1","1","0.00","Mar 21, 2024 at 10:45AM EDT","Yes"
"Trade","Will the **high temp in Miami** be 75-76° on Mar 21 2024?","dca9f288-83ea-4d9f-b018-992fc3d2d74b","Mar 21, 2024","1","1","0.00","Mar 21, 2024 at 10:40AM EDT","Yes"
"Trade","Will the **high temp in Miami** be 75-76° on Mar 21 2024?","dca9f288-83ea-4d9f-b018-992fc3d2d74b","Mar 21, 2024","1","1","0.00","Mar 21, 2024 at 10:35AM EDT","Yes"
"Trade","Will the **high temp in Miami** be 75-76° on Mar 21 2024?","dca9f288-83ea-4d9f-b018-992fc3d2d74b","Mar 21, 2024","1","1","0.00","Mar 21, 2024 at 10:30AM EDT","Yes"
"Trade","Will the **high temp in Miami** be 75-76° on Mar 21 2024?","dca9f288-83ea-4d9f-b018-992fc3d2d74b","Mar 21, 2024","1","1","0.00","Mar 21, 2024 at 10:25AM EDT","Yes"
"Trade","Will the **high temp in Miami** be 75-76° on Mar 21 2024?","dca9f288-83ea-4d9f-b018-992fc3d2d74b","Mar 21, 2024","1","1","0.00","Mar 21, 2024 at 10:20AM EDT","Yes"
"Trade","Will the **high temp in Miami** be 75-76° on Mar 21 2024?","dca9f288-83ea-4d9f-b018-992fc3d2d74b","Mar 21, 2024","1","1","0.00","Mar 21, 2024 at 10:16AM EDT","Yes"
"Trade","Will the **high temp in Miami** be 75-76° on Mar 21 2024?","dca9f288-83ea-4d9f-b018-992fc3d2d74b","Mar 21, 2024","1","1","0.00","Mar 21, 2024 at 10:11AM EDT","Yes"
"Trade","Will the **high temp in Miami** be 75-76° on Mar 21 2024?","dca9f288-83ea-4d9f-b018-992fc3d2d74b","Mar 21, 2024","1","1","0.00","Mar 21, 2024 at 10:06AM EDT","Yes"
"Trade","Will the **high temp in Miami** be 75-76° on Mar 21 2024?","dca9f288-83ea-4d9f-b018-992fc3d2d74b","Mar 21, 2024","1","1","0.00","Mar 21, 2024 at 9:57AM EDT","Yes"
"Trade","Will the **high temp in Miami** be 75-76° on Mar 21 2024?","dca9f288-83ea-4d9f-b018-992fc3d2d74b","Mar 21, 2024","1","1","0.00","Mar 21, 2024 at 9:52AM EDT","Yes"
"Trade","Will the **high temp in Miami** be 75-76° on Mar 21 2024?","dca9f288-83ea-4d9f-b018-992fc3d2d74b","Mar 21, 2024","1","1","0.00","Mar 21, 2024 at 9:47AM EDT","Yes"
"Trade","Will the **high temp in Miami** be 75-76° on Mar 21 2024?","dca9f288-83ea-4d9f-b018-992fc3d2d74b","Mar 21, 2024","1","1","0.00","Mar 21, 2024 at 9:42AM EDT","Yes"
"Trade","Will the **high temp in Miami** be 75-76° on Mar 21 2024?","dca9f288-83ea-4d9f-b018-992fc3d2d74b","Mar 21, 2024","1","1","0.00","Mar 21, 2024 at 9:37AM EDT","Yes"
"Trade","Will the **high temp in Miami** be 75-76° on Mar 21 2024?","dca9f288-83ea-4d9f-b018-992fc3d2d74b","Mar 21, 2024","1","1","0.00","Mar 21, 2024 at 9:32AM EDT","Yes"
"Trade","Will the **high temp in Miami** be 75-76° on Mar 21 2024?","dca9f288-83ea-4d9f-b018-992fc3d2d74b","Mar 21, 2024","1","1","0.00","Mar 21, 2024 at 9:27AM EDT","Yes"
"Trade","Will the **high temp in Miami** be 75-76° on Mar 21 2024?","dca9f288-83ea-4d9f-b018-992fc3d2d74b","Mar 21, 2024","1","1","0.00","Mar 21, 2024 at 9:22AM EDT","Yes"
"Trade","Will the **high temp in Miami** be 75-76° on Mar 21 2024?","dca9f288-83ea-4d9f-b018-992fc3d2d74b","Mar 21, 2024","1","1","0.00","Mar 21, 2024 at 9:17AM EDT","Yes"
"Trade","Will the **high temp in Miami** be 75-76° on Mar 21 2024?","dca9f288-83ea-4d9f-b018-992fc3d2d74b","Mar 21, 2024","1","1","0.00","Mar 21, 2024 at 9:12AM EDT","Yes"
"Trade","Will the **high temp in Austin** be <59° on Mar 19 2024?","47995716-7c33-4900-a2fe-a6fab48bcd35","Mar 19, 2024","1","1","0.00","Mar 19, 2024 at 10:51PM EDT","No"
"Trade","Will the **high temp in Austin** be <59° on Mar 19 2024?","47995716-7c33-4900-a2fe-a6fab48bcd35","Mar 19, 2024","1","9","0.00","Mar 19, 2024 at 10:48PM EDT","No"
"Trade","Will the **high temp in Austin** be <59° on Mar 19 2024?","47995716-7c33-4900-a2fe-a6fab48bcd35","Mar 19, 2024","1","1","0.00","Mar 19, 2024 at 9:57PM EDT","No"
"Trade","Will the **high temp in Austin** be <59° on Mar 19 2024?","47995716-7c33-4900-a2fe-a6fab48bcd35","Mar 19, 2024","1","1","0.00","Mar 19, 2024 at 9:52PM EDT","No"
"Trade","Will the **high temp in Austin** be <59° on Mar 19 2024?","47995716-7c33-4900-a2fe-a6fab48bcd35","Mar 19, 2024","1","1","0.00","Mar 19, 2024 at 9:47PM EDT","No"
"Trade","Will the **high temp in Austin** be <59° on Mar 19 2024?","47995716-7c33-4900-a2fe-a6fab48bcd35","Mar 19, 2024","1","1","0.00","Mar 19, 2024 at 9:42PM EDT","No"
"Trade","Will the **high temp in Austin** be <59° on Mar 19 2024?","47995716-7c33-4900-a2fe-a6fab48bcd35","Mar 19, 2024","1","1","0.00","Mar 19, 2024 at 9:37PM EDT","No"
"Trade","Will the **high temp in NYC** be <45° on Mar 19 2024?","143883f9-8a51-4364-9c1c-0e9598f3e782","Mar 19, 2024","1","1","0.00","Mar 19, 2024 at 8:43PM EDT","No"
"Trade","Will the **high temp in NYC** be <45° on Mar 19 2024?","143883f9-8a51-4364-9c1c-0e9598f3e782","Mar 19, 2024","1","1","0.00","Mar 19, 2024 at 8:38PM EDT","No"
"Trade","Will the **high temp in NYC** be <45° on Mar 19 2024?","143883f9-8a51-4364-9c1c-0e9598f3e782","Mar 19, 2024","1","1","0.00","Mar 19, 2024 at 8:33PM EDT","No"
"Trade","Will the **high temp in NYC** be <45° on Mar 19 2024?","143883f9-8a51-4364-9c1c-0e9598f3e782","Mar 19, 2024","1","1","0.00","Mar 19, 2024 at 8:28PM EDT","No"
"Trade","Will the **high temp in NYC** be <45° on Mar 19 2024?","143883f9-8a51-4364-9c1c-0e9598f3e782","Mar 19, 2024","1","1","0.00","Mar 19, 2024 at 8:23PM EDT","No"
"Trade","Will the **high temp in NYC** be <45° on Mar 19 2024?","143883f9-8a51-4364-9c1c-0e9598f3e782","Mar 19, 2024","1","1","0.00","Mar 19, 2024 at 8:17PM EDT","No"
"Trade","Will the **high temp in NYC** be <45° on Mar 19 2024?","143883f9-8a51-4364-9c1c-0e9598f3e782","Mar 19, 2024","1","1","0.00","Mar 19, 2024 at 8:12PM EDT","No"
"Trade","Will the **high temp in NYC** be <45° on Mar 19 2024?","143883f9-8a51-4364-9c1c-0e9598f3e782","Mar 19, 2024","1","1","0.00","Mar 19, 2024 at 8:07PM EDT","No"
"Trade","Will the **high temp in NYC** be <45° on Mar 19 2024?","143883f9-8a51-4364-9c1c-0e9598f3e782","Mar 19, 2024","1","1","0.00","Mar 19, 2024 at 8:02PM EDT","No"
"Trade","Will the **high temp in NYC** be <45° on Mar 19 2024?","143883f9-8a51-4364-9c1c-0e9598f3e782","Mar 19, 2024","1","1","0.00","Mar 19, 2024 at 7:57PM EDT","No"
"Trade","Will the **high temp in NYC** be <45° on Mar 19 2024?","143883f9-8a51-4364-9c1c-0e9598f3e782","Mar 19, 2024","1","1","0.00","Mar 19, 2024 at 8:16AM EDT","No"
"Trade","Will the **high temp in NYC** be <45° on Mar 19 2024?","143883f9-8a51-4364-9c1c-0e9598f3e782","Mar 18, 2024","1","1","0.00","Mar 18, 2024 at 11:59PM EDT","No"
"Trade","Will the **high temp in Austin** be <59° on Mar 19 2024?","47995716-7c33-4900-a2fe-a6fab48bcd35","Mar 18, 2024","1","1","0.00","Mar 18, 2024 at 11:58PM EDT","No"
"Trade","Will the **high temp in Austin** be 63-64° on Mar 19 2024?","797137e6-ae90-4d99-a91d-cbb0faf22c8d","Mar 18, 2024","90","30","0.19","Mar 18, 2024 at 11:57PM EDT","No"
"Trade","Will the **high temp in Austin** be 63-64° on Mar 19 2024?","797137e6-ae90-4d99-a91d-cbb0faf22c8d","Mar 18, 2024","50","10","0.18","Mar 18, 2024 at 11:57PM EDT","No"
"Trade","Will the **high temp in Austin** be 63-64° on Mar 19 2024?","797137e6-ae90-4d99-a91d-cbb0faf22c8d","Mar 18, 2024","1","1","0.01","Mar 18, 2024 at 11:57PM EDT","No"
"Trade","Will the **high temp in Austin** be 63-64° on Mar 19 2024?","797137e6-ae90-4d99-a91d-cbb0faf22c8d","Mar 18, 2024","50","10","0.18","Mar 18, 2024 at 11:57PM EDT","No"
"Trade","Will the **high temp in Austin** be 63-64° on Mar 19 2024?","797137e6-ae90-4d99-a91d-cbb0faf22c8d","Mar 18, 2024","20","2","0.03","Mar 18, 2024 at 11:57PM EDT","No"
"Trade","Will the **high temp in Austin** be 63-64° on Mar 19 2024?","797137e6-ae90-4d99-a91d-cbb0faf22c8d","Mar 18, 2024","50","50","0.88","Mar 18, 2024 at 11:57PM EDT","No"
"Trade","Will the **high temp in Austin** be <59° on Mar 19 2024?","47995716-7c33-4900-a2fe-a6fab48bcd35","Mar 18, 2024","1","1","0.01","Mar 18, 2024 at 11:57PM EDT","No"
"Trade","Will the high temp in Chicago be <51° on Mar 19 2024?","7f51a233-9e16-447a-a48c-27c6dec91aa7","Mar 18, 2024","50","10","0.18","Mar 18, 2024 at 11:56PM EDT","No"
"Trade","Will the high temp in Chicago be <51° on Mar 19 2024?","7f51a233-9e16-447a-a48c-27c6dec91aa7","Mar 18, 2024","50","50","0.88","Mar 18, 2024 at 11:56PM EDT","No"
"Trade","Will the high temp in Chicago be <51° on Mar 19 2024?","7f51a233-9e16-447a-a48c-27c6dec91aa7","Mar 18, 2024","1","1","0.01","Mar 18, 2024 at 11:56PM EDT","No"
"Trade","Will the high temp in Chicago be <51° on Mar 19 2024?","7f51a233-9e16-447a-a48c-27c6dec91aa7","Mar 18, 2024","50","10","0.18","Mar 18, 2024 at 11:56PM EDT","No"
"Trade","Will the high temp in Chicago be <51° on Mar 19 2024?","7f51a233-9e16-447a-a48c-27c6dec91aa7","Mar 18, 2024","22","2","0.03","Mar 18, 2024 at 11:56PM EDT","No"
"Trade","Will the **high temp in NYC** be <45° on Mar 19 2024?","143883f9-8a51-4364-9c1c-0e9598f3e782","Mar 18, 2024","1","1","0.01","Mar 18, 2024 at 11:55PM EDT","No"
"Trade","Will the **high temp in NYC** be 49-50° on Mar 18 2024?","4c7db1bf-fd74-4210-867a-0e6d746906ed","Mar 18, 2024","50","67","1.18","Mar 18, 2024 at 11:51PM EDT","Yes"
"Trade","Will the **high temp in NYC** be 49-50° on Mar 18 2024?","4c7db1bf-fd74-4210-867a-0e6d746906ed","Mar 18, 2024","70","10","0.15","Mar 18, 2024 at 11:51PM EDT","Yes"
"Trade","Will the **high temp in NYC** be 49-50° on Mar 18 2024?","4c7db1bf-fd74-4210-867a-0e6d746906ed","Mar 18, 2024","99","10","0.01","Mar 18, 2024 at 11:51PM EDT","Yes"
"Trade","Will the **high temp in NYC** be 49-50° on Mar 18 2024?","4c7db1bf-fd74-4210-867a-0e6d746906ed","Mar 18, 2024","1","1","0.01","Mar 18, 2024 at 11:51PM EDT","Yes"
"Trade","Will the **high temp in NYC** be 49-50° on Mar 9 2024?","619903f6-431d-44e1-b392-6d5cfda78630","Mar 8, 2024","2","1","0.00","Mar 8, 2024 at 3:30PM EST","Yes"
"Trade","Will the **high temp in NYC** be 49-50° on Mar 9 2024?","619903f6-431d-44e1-b392-6d5cfda78630","Mar 8, 2024","2","1","0.00","Mar 8, 2024 at 3:28PM EST","Yes"
"Trade","Will the **high temp in NYC** be 49-50° on Mar 9 2024?","619903f6-431d-44e1-b392-6d5cfda78630","Mar 8, 2024","2","1","0.00","Mar 8, 2024 at 3:26PM EST","Yes"
"Trade","Will the **high temp in NYC** be 49-50° on Mar 9 2024?","619903f6-431d-44e1-b392-6d5cfda78630","Mar 8, 2024","2","1","0.00","Mar 8, 2024 at 3:24PM EST","Yes"
"Trade","Will the **high temp in NYC** be 49-50° on Mar 9 2024?","619903f6-431d-44e1-b392-6d5cfda78630","Mar 8, 2024","2","1","0.00","Mar 8, 2024 at 3:22PM EST","Yes"
"Trade","Will the **high temp in NYC** be 49-50° on Mar 9 2024?","619903f6-431d-44e1-b392-6d5cfda78630","Mar 8, 2024","2","1","0.00","Mar 8, 2024 at 3:19PM EST","Yes"
"Trade","Will the **high temp in NYC** be 49-50° on Mar 9 2024?","619903f6-431d-44e1-b392-6d5cfda78630","Mar 8, 2024","2","1","0.00","Mar 8, 2024 at 3:17PM EST","Yes"
"Trade","Will the **high temp in NYC** be 49-50° on Mar 9 2024?","619903f6-431d-44e1-b392-6d5cfda78630","Mar 8, 2024","2","1","0.00","Mar 8, 2024 at 3:15PM EST","Yes"
"Trade","Will the **high temp in NYC** be 49-50° on Mar 9 2024?","619903f6-431d-44e1-b392-6d5cfda78630","Mar 8, 2024","2","1","0.00","Mar 8, 2024 at 3:13PM EST","Yes"
"Trade","Will the **high temp in NYC** be 49-50° on Mar 9 2024?","619903f6-431d-44e1-b392-6d5cfda78630","Mar 8, 2024","2","1","0.00","Mar 8, 2024 at 3:11PM EST","Yes"
"Trade","Will the **high temp in NYC** be 49-50° on Mar 9 2024?","619903f6-431d-44e1-b392-6d5cfda78630","Mar 8, 2024","2","1","0.00","Mar 8, 2024 at 3:09PM EST","Yes"
"Trade","Will the **high temp in NYC** be 49-50° on Mar 9 2024?","619903f6-431d-44e1-b392-6d5cfda78630","Mar 8, 2024","2","1","0.00","Mar 8, 2024 at 3:07PM EST","Yes"